{"cameraMode":{"drawMode":0,"name":"Shaded","section":"Shading Mode"},"sceneLighting":false,"audioPlay":false,"sceneViewState":{"showFog":true,"showMaterialUpdate":false,"showSkybox":true,"showFlares":true,"showImageEffects":true,"showParticleSystems":true},"in2DMode":false,"pivot":{"x":0.0,"y":0.04184611141681671,"z":0.1536816656589508},"rotation":{"x":0.35726693272590639,"y":0.1332753747701645,"z":-0.05158710852265358,"w":0.9230042695999146},"size":1.0506384372711182,"orthographic":false}